site,id
MLA,750925229
MLA,845041373
MLA,693105237
MLA,806113846
MLA,655915616
MLA,849015677
MLA,806707270
MLA,823408605
MLA,617061280
MLA,664384760
MLA,840506533
MLA,845906811
MLA,785849983
MLA,799677426
MLA,848479382
MLA,840423199
MLA,828617220
MLA,848355425
MLA,830371755
MLA,817422311
MLA,716231721
MLA,808817242
MLA,707302182
MLA,630239658
MLA,609500365
MLA,723145127
MLA,724839805
MLA,782750723
MLA,786805209
MLA,814323864
MLA,843860595
MLA,847809606
MLA,737212415
MLA,827595664
MLA,737829195
MLA,725116438
MLA,609255349
MLA,806700707
MLA,851879971
MLA,851082070
MLA,770008682
MLA,673642046
MLA,603924637
MLA,686162926
MLA,835239707
MLA,819745375
MLA,807605068
MLA,742439189
MLA,715991583